Age,Ht,TailLn,HairLn,BangLn,Reach,EarLobes,ClassName,ClassID
Assam
Assam
Bhuttan
Assam
Assam
Bhuttan
Bhuttan
Bhuttan
Bhuttan
Assam
Assam
Bhuttan
Bhuttan
Bhuttan
Assam
Assam
Assam
Assam
Bhuttan
Assam
Assam
Bhuttan
Bhuttan
Bhuttan
Bhuttan
Bhuttan
Bhuttan
Bhuttan
Bhuttan
Assam
Bhuttan
Bhuttan
Assam
Bhuttan
Bhuttan
Bhuttan
Assam
Assam
Bhuttan
Assam
Assam
Assam
Assam
Bhuttan
Bhuttan
Bhuttan
Bhuttan
Bhuttan
Bhuttan
Bhuttan
Bhuttan
Assam
Bhuttan
Bhuttan
Assam
Assam
Bhuttan
Assam
Bhuttan
Assam
Bhuttan
Assam
Assam
Assam
Bhuttan
Assam
Bhuttan
Bhuttan
Assam
Assam
Assam
Bhuttan
Assam
Assam
Assam
Assam
Bhuttan
Assam
Bhuttan
Assam
Bhuttan
Assam
Assam
Assam
Bhuttan
Bhuttan
Assam
Assam
Assam
Bhuttan
Bhuttan
Bhuttan
Assam
Assam
Bhuttan
Bhuttan
Assam
Assam
Assam
Bhuttan
Assam
Bhuttan
Assam
Assam
Assam
Assam
Bhuttan
Assam
Bhuttan
Assam
Bhuttan
Bhuttan
Bhuttan
Assam
Bhuttan
Bhuttan
Assam
Bhuttan
Bhuttan
Bhuttan
Assam
Bhuttan
Assam
Bhuttan
Bhuttan
Bhuttan
Bhuttan
Bhuttan
Bhuttan
Assam
Assam
Bhuttan
Assam
Bhuttan
Assam
Assam
Bhuttan
Bhuttan
Assam
Assam
Assam
Assam
Bhuttan
Assam
Assam
Bhuttan
Bhuttan
Bhuttan
Assam
Bhuttan
Bhuttan
Bhuttan
Bhuttan
Bhuttan
Bhuttan
Bhuttan
Assam
Assam
Bhuttan
Bhuttan
Bhuttan
Bhuttan
Bhuttan
Assam
Assam
Assam
Assam
Bhuttan
Assam
Bhuttan
Bhuttan
Assam
Assam
Bhuttan
Assam
Assam
Bhuttan
Bhuttan
Bhuttan
Assam
Bhuttan
Assam
Bhuttan
Bhuttan
Assam
Bhuttan
Bhuttan
Bhuttan
Bhuttan
Assam
Assam
Bhuttan
Assam
Bhuttan
Bhuttan
Assam
Bhuttan
Bhuttan
Assam
Assam
Bhuttan
Bhuttan
Bhuttan
Bhuttan
Bhuttan
Bhuttan
Bhuttan
Assam
Assam
Bhuttan
Bhuttan
Bhuttan
Bhuttan
Assam
Bhuttan
Bhuttan
Assam
Assam
Bhuttan
Bhuttan
Assam
Bhuttan
Assam
Assam
Bhuttan
Bhuttan
Bhuttan
Assam
Bhuttan
Bhuttan
Bhuttan
Assam
Bhuttan
Assam
Bhuttan
Assam
Assam
Bhuttan
Bhuttan
Assam
Bhuttan
Bhuttan
Assam
Bhuttan
Assam
Assam
Assam
Bhuttan
Bhuttan
Assam
Bhuttan
Bhuttan
Assam
Bhuttan
Bhuttan
Assam
Assam
Bhuttan
Bhuttan
Bhuttan
Bhuttan
Bhuttan
Bhuttan
Bhuttan
Bhuttan
Assam
Bhuttan
Bhuttan
Bhuttan
Assam
Assam
Bhuttan
Bhuttan
Bhuttan
Bhuttan
Assam
Assam
Bhuttan
Bhuttan
Assam
Bhuttan
Bhuttan
Bhuttan
Bhuttan
Bhuttan
Assam
Bhuttan
Bhuttan
Assam
Bhuttan
Bhuttan
Bhuttan
Bhuttan
Bhuttan
Bhuttan
Assam
Assam
Bhuttan
Assam
Assam
Bhuttan
Bhuttan
Assam
Bhuttan
Bhuttan
Bhuttan
Bhuttan
Bhuttan
Bhuttan
Bhuttan
Bhuttan
Assam
Assam
Assam
Assam
Assam
Assam
Assam
Assam
Bhuttan
Assam
Assam
Assam
Bhuttan
Bhuttan
Assam
Bhuttan
Assam
Assam
Bhuttan
Bhuttan
Assam
Assam
Bhuttan
Bhuttan
Assam
Bhuttan
Assam
Assam
Bhuttan
Assam
Bhuttan
Bhuttan
Assam
Assam
Bhuttan
Bhuttan
Assam
Bhuttan
Bhuttan
Assam
Bhuttan
Bhuttan
Assam
Bhuttan
Bhuttan
Bhuttan
Assam
Bhuttan
Assam
Bhuttan
Assam
Bhuttan
Assam
Bhuttan
Assam
Bhuttan
Assam
Assam
Assam
Bhuttan
Assam
Assam
Assam
Assam
Bhuttan
Bhuttan
Assam
Assam
Bhuttan
Bhuttan
Bhuttan
Assam
Bhuttan
Assam
Bhuttan
Bhuttan
Assam
Assam
Assam
Bhuttan
Bhuttan
Assam
Assam
Bhuttan
Assam
Assam
Assam
Bhuttan
Assam
Bhuttan
Bhuttan
Bhuttan
Bhuttan
Assam
Bhuttan
Assam
Assam
Bhuttan
Bhuttan
Bhuttan
Bhuttan
Assam
Assam
Bhuttan
Assam
Bhuttan
Assam
Bhuttan
Bhuttan
Bhuttan
Assam
Assam
Assam
Assam
Assam
Bhuttan
Bhuttan
Bhuttan
Bhuttan
Assam
Bhuttan
Assam
Bhuttan
Bhuttan
Bhuttan
Bhuttan
Assam
Bhuttan
Bhuttan
Bhuttan
Bhuttan
Bhuttan
Bhuttan
Bhuttan
Bhuttan
Assam
Bhuttan
Assam
Assam
Assam
Bhuttan
Bhuttan
Assam
Assam
Bhuttan
Assam
Bhuttan
Assam
Bhuttan
Bhuttan
Bhuttan
Assam
Assam
Bhuttan
Assam
Bhuttan
Assam
Bhuttan
Assam
Bhuttan
Bhuttan
Assam
Bhuttan
Assam
Assam
Bhuttan
Assam
Bhuttan
Assam
Assam
Bhuttan
Assam
Bhuttan
Bhuttan
Assam
Bhuttan
Assam
Assam
Bhuttan
Assam
Assam
Assam
Bhuttan
Bhuttan
Bhuttan
Assam
Bhuttan
Assam
Assam
Bhuttan
Assam
Bhuttan
Assam
Bhuttan
Bhuttan
Bhuttan
Bhuttan
Assam
Bhuttan
Bhuttan
Assam
Assam
Bhuttan
Bhuttan
Bhuttan
Assam
Assam
Assam
Bhuttan
Bhuttan
Bhuttan
Bhuttan
Bhuttan
Assam
Assam
Bhuttan
Assam
Bhuttan
Assam
Bhuttan
Bhuttan
Bhuttan
Assam
Bhuttan
Assam
Assam
Bhuttan
Bhuttan
Bhuttan
Bhuttan
Assam
Assam
Assam
Bhuttan
Bhuttan
Assam
Bhuttan
Assam
Assam
Bhuttan
Assam
Bhuttan
Bhuttan
Assam
Bhuttan
Assam
Bhuttan
Bhuttan
Bhuttan
Bhuttan
Bhuttan
Bhuttan
Bhuttan
Assam
Bhuttan
Bhuttan
Assam
Bhuttan
Assam
Assam
Bhuttan
Bhuttan
Bhuttan
Bhuttan
Assam
Bhuttan
Assam
Assam
Assam
Assam
Assam
Bhuttan
Bhuttan
Bhuttan
Bhuttan
Assam
Bhuttan
Bhuttan
Assam
Assam
Bhuttan
Assam
Bhuttan
Bhuttan
Assam
Bhuttan
Bhuttan
Assam
Bhuttan
Assam
Assam
Bhuttan
Assam
Bhuttan
Bhuttan
Assam
Assam
Bhuttan
Bhuttan
Bhuttan
Assam
Assam
Assam
Bhuttan
Bhuttan
Bhuttan
Bhuttan
Assam
Bhuttan
Bhuttan
Bhuttan
Assam
Assam
Assam
Bhuttan
Assam
Assam
Assam
Bhuttan
Bhuttan
Bhuttan
Bhuttan
Assam
Bhuttan
Bhuttan
Bhuttan
Assam
Bhuttan
Bhuttan
Assam
Assam
Assam
Assam
Bhuttan
Assam
Bhuttan
Bhuttan
Assam
Assam
Assam
Assam
Assam
Bhuttan
Assam
Bhuttan
Assam
Assam
Assam
Assam
Assam
Assam
Bhuttan
Bhuttan
Bhuttan
Assam
Bhuttan
Assam
Bhuttan
Bhuttan
Assam
Assam
Bhuttan
Assam
Assam
Bhuttan
Assam
Assam
Assam
Bhuttan
Assam
Bhuttan
Assam
Bhuttan
Bhuttan
Assam
Bhuttan
Bhuttan
Bhuttan
Bhuttan
Assam
Bhuttan
Bhuttan
Assam
Assam
Bhuttan
Assam
Assam
Bhuttan
Bhuttan
Bhuttan
Assam
Bhuttan
Assam
Assam
Bhuttan
Bhuttan
Assam
Bhuttan
Bhuttan
Assam
Bhuttan
Assam
Assam
Bhuttan
Assam
Assam
Bhuttan
Bhuttan
Bhuttan
Bhuttan
Assam
Bhuttan
Bhuttan
Assam
Assam
Bhuttan
Bhuttan
Bhuttan
Bhuttan
Bhuttan
Bhuttan
Assam
Bhuttan
Assam
Assam
Bhuttan
Assam
Assam
Bhuttan
Bhuttan
Bhuttan
Bhuttan
Bhuttan
Assam
Assam
Bhuttan
Assam
Bhuttan
Assam
Bhuttan
Assam
Assam
Assam
Assam
Bhuttan
Assam
Bhuttan
Assam
Bhuttan
Bhuttan
Bhuttan
Assam
Bhuttan
Bhuttan
Assam
Assam
Assam
Bhuttan
Bhuttan
Bhuttan
Assam
Assam
Assam
Assam
Bhuttan
Assam
Bhuttan
Assam
Assam
Assam
Bhuttan
Bhuttan
Bhuttan
Assam
Bhuttan
Bhuttan
Assam
Bhuttan
Bhuttan
Assam
Assam
Assam
Bhuttan
Assam
Assam
Bhuttan
Bhuttan
Bhuttan
Assam
Bhuttan
Bhuttan
Bhuttan
Assam
Assam
Assam
Bhuttan
Bhuttan
Assam
Assam
Bhuttan
Assam
Bhuttan
Bhuttan
Bhuttan
Bhuttan
Bhuttan
Bhuttan
Bhuttan
Bhuttan
Assam
Assam
Assam
Assam
Assam
Assam
Bhuttan
Assam
Assam
Bhuttan
Bhuttan
Bhuttan
Bhuttan
Assam
Bhuttan
Assam
Assam
Bhuttan
Assam
Assam
Assam
Assam
Assam
Assam
Bhuttan
Bhuttan
Assam
Assam
Assam
Bhuttan
Bhuttan
Assam
Bhuttan
Assam
Bhuttan
Assam
Assam
Bhuttan
Assam
Assam
Bhuttan
Assam
Assam
Assam
Assam
Assam
Bhuttan
Bhuttan
Bhuttan
Bhuttan
Bhuttan
Bhuttan
Bhuttan
Assam
Bhuttan
Assam
Bhuttan
Assam
Assam
Bhuttan
Assam
Assam
Assam
Bhuttan
Assam
Bhuttan
Assam
Assam
Assam
Assam
Assam
Assam
Assam
Bhuttan
Bhuttan
Bhuttan
Bhuttan
Assam
Assam
Bhuttan
Bhuttan
Assam
Bhuttan
Assam
Assam
Bhuttan
Bhuttan
Assam
Bhuttan
Assam
Bhuttan
Bhuttan
Assam
Bhuttan
Bhuttan
Bhuttan
Assam
Assam
Assam
Bhuttan
Bhuttan
Assam
Assam
Bhuttan
Assam
Assam
Assam
Bhuttan
Bhuttan
Bhuttan
Assam
Assam
Assam
Assam
Bhuttan
Bhuttan
Bhuttan
Assam
Assam
Bhuttan
Assam
Assam
Bhuttan
Bhuttan
Bhuttan
Bhuttan
Assam
Bhuttan
Bhuttan
Assam
Bhuttan
Bhuttan
Bhuttan
Bhuttan
Bhuttan
Bhuttan
Bhuttan
Assam
Assam
Bhuttan
Assam
Bhuttan
Bhuttan
Assam
Bhuttan
Assam
Assam
Bhuttan
Bhuttan
Bhuttan
Assam
Bhuttan
Bhuttan
Bhuttan
Assam
Bhuttan
Bhuttan
Bhuttan
Assam
Bhuttan
Assam
Bhuttan
Assam
Assam
Assam
Bhuttan
Bhuttan
Bhuttan
Bhuttan
Assam
Bhuttan
Bhuttan
Assam
Assam
Assam
Bhuttan
Bhuttan
Bhuttan
Assam
Bhuttan
Assam
Bhuttan
Bhuttan
Assam
Assam
Bhuttan
Assam
Assam
Assam
Assam
Bhuttan
Bhuttan
Assam
Assam
Bhuttan
Bhuttan
Assam
Assam
Assam
Bhuttan
Assam
Assam
Assam
Assam
Assam
Bhuttan
Bhuttan
Assam
Assam
Assam
Bhuttan
Bhuttan
Assam
Assam
Bhuttan
Assam
Assam
Assam
Bhuttan
Bhuttan
Bhuttan
Bhuttan
Bhuttan
Bhuttan
Assam
Bhuttan
Assam
Assam
Bhuttan
Bhuttan
Bhuttan
Assam
Bhuttan
Assam
Assam
Bhuttan
Assam
Bhuttan
Assam
Assam
Assam
Bhuttan
Assam
Bhuttan
Assam
Assam
Bhuttan
Assam
Assam
Bhuttan
Assam
Bhuttan
Assam
Assam
Bhuttan
Bhuttan
Assam
Bhuttan
Assam
Bhuttan
Bhuttan
Bhuttan
Bhuttan
Assam
Bhuttan
Assam
Bhuttan
Bhuttan
Bhuttan
Assam
Bhuttan
Assam
Assam
Bhuttan
Assam
Bhuttan
Bhuttan
Assam
Bhuttan
Assam
Bhuttan
Bhuttan
Assam
Bhuttan
Assam
Assam
Assam
Bhuttan
Bhuttan
Assam
Bhuttan
Bhuttan
Bhuttan
Assam
Assam
Bhuttan
Assam
Assam
Assam
Bhuttan
Bhuttan
Assam
Assam
Assam
Bhuttan
Bhuttan
Bhuttan
Bhuttan
Assam
Assam
Bhuttan
Bhuttan
Bhuttan
Bhuttan
Assam
Bhuttan
Bhuttan
Bhuttan
Bhuttan
Bhuttan
Bhuttan
Assam
Assam
Bhuttan
Bhuttan
Bhuttan
Bhuttan
Bhuttan
Assam
Bhuttan
Bhuttan
Assam
Bhuttan
Bhuttan
Assam
Bhuttan
Assam
Bhuttan
Bhuttan
Assam
Bhuttan
Bhuttan
Bhuttan
Assam
Bhuttan
Assam
Assam
Bhuttan
Bhuttan
Assam
Bhuttan
Assam
Bhuttan
Assam
Assam
Assam
Assam
Assam
Bhuttan
Bhuttan
Assam
Bhuttan
Assam
Bhuttan
Assam
Assam
Assam
Bhuttan
Bhuttan
Assam
Bhuttan
Assam
Bhuttan
Bhuttan
Assam
Assam
Bhuttan
Assam
Assam
Bhuttan
Assam
Bhuttan
Bhuttan
Assam
Assam
Bhuttan
Bhuttan
Assam
Bhuttan
Assam
Assam
Bhuttan
Assam
Bhuttan
Bhuttan
Assam
Assam
Bhuttan
Bhuttan
Bhuttan
Bhuttan
Assam
Assam
Bhuttan
Bhuttan
Assam
Bhuttan
Bhuttan
Bhuttan
Assam
Assam
Bhuttan
Bhuttan
Bhuttan
Bhuttan
Bhuttan
Assam
Assam
Bhuttan
Assam
Bhuttan
Bhuttan
Bhuttan
Bhuttan
Bhuttan
Bhuttan
Bhuttan
Bhuttan
Bhuttan
Bhuttan
Assam
Bhuttan
Bhuttan
Bhuttan
Bhuttan
Assam
Bhuttan
Assam
Assam
Bhuttan
Assam
Bhuttan
Assam
Bhuttan
Assam
Assam
Assam
Bhuttan
Assam
Bhuttan
Assam
Bhuttan
Assam
Assam
Bhuttan
Assam
Bhuttan
Assam
Assam
Assam
Assam
Assam
Assam
Assam
Bhuttan
Bhuttan
Bhuttan
Bhuttan
Bhuttan
Bhuttan
Bhuttan
Bhuttan
Bhuttan
Bhuttan
Bhuttan
Bhuttan
Bhuttan
Bhuttan
Assam
Assam
Bhuttan
Bhuttan
Bhuttan
Bhuttan
Assam
Bhuttan
Bhuttan
Bhuttan
Bhuttan
Assam
Assam
Assam
Bhuttan
Bhuttan
Bhuttan
Bhuttan
Bhuttan
Bhuttan
Assam
Bhuttan
Bhuttan
Bhuttan
Assam
Bhuttan
Assam
Assam
Assam
Assam
Assam
Bhuttan
Bhuttan
Assam
Bhuttan
Assam
Bhuttan
Bhuttan
Assam
Bhuttan
Assam
Bhuttan
Assam
Bhuttan
Bhuttan
Assam
Bhuttan
Assam
Bhuttan
Bhuttan
Assam
Assam
Bhuttan
Assam
Assam
Bhuttan
Assam
Assam
Assam
Bhuttan
Assam
Bhuttan
Assam
Bhuttan
Bhuttan
Assam
Bhuttan
Bhuttan
Bhuttan
Bhuttan
Assam
Bhuttan
Bhuttan
Assam
Assam
Assam
Bhuttan
Assam
Bhuttan
Bhuttan
Assam
Assam
Assam
Bhuttan
Bhuttan
Bhuttan
Assam
Bhuttan
Assam
Bhuttan
Bhuttan
Bhuttan
Assam
Bhuttan
Bhuttan
Assam
Assam
Assam
Assam
Bhuttan
Assam
Bhuttan
Bhuttan
Assam
Bhuttan
Assam
Assam
Bhuttan
Assam
Assam
Assam
Bhuttan
Assam
Assam
Bhuttan
Bhuttan
Bhuttan
Bhuttan
Assam
Assam
Assam
Assam
Bhuttan
Assam
Bhuttan
Bhuttan
Bhuttan
Assam
Assam
Assam
Bhuttan
Bhuttan
Assam
Bhuttan
Bhuttan
Bhuttan
Assam
Bhuttan
Assam
Assam
Assam
Bhuttan
Assam
Assam
Bhuttan
Bhuttan
Assam
Assam
Bhuttan
Bhuttan
Bhuttan
Assam
Assam
Assam
Assam
Bhuttan
Assam
Bhuttan
Bhuttan
Bhuttan
Assam
Assam
Bhuttan
Bhuttan
Bhuttan
Assam
Assam
Bhuttan
Assam
Assam
Assam
Bhuttan
Bhuttan
Bhuttan
Bhuttan
Assam
Bhuttan
Bhuttan
Assam
Assam
Assam
Bhuttan
Bhuttan
Bhuttan
Bhuttan
Bhuttan
Assam
Bhuttan
Bhuttan
Bhuttan
Bhuttan
Bhuttan
Assam
Assam
Assam
Assam
Assam
Bhuttan
Assam
Assam
Assam
Assam
Bhuttan
Assam
Assam
Bhuttan
Assam
Assam
Bhuttan
Assam
Bhuttan
Assam
Bhuttan
Bhuttan
Assam
Bhuttan
Bhuttan
Assam
Assam
Bhuttan
Bhuttan
Bhuttan
Bhuttan
Assam
Assam
Bhuttan
Assam
Bhuttan
Bhuttan
Bhuttan
Bhuttan
Bhuttan
Bhuttan
Assam
Bhuttan
Bhuttan
Assam
Bhuttan
Bhuttan
Assam
Assam
Assam
Bhuttan
Assam
Bhuttan
Bhuttan
Assam
Bhuttan
Assam
Bhuttan
Bhuttan
Assam
Assam
Bhuttan
Bhuttan
Bhuttan
Bhuttan
Bhuttan
Bhuttan
Bhuttan
Assam
Bhuttan
Bhuttan
Assam
Bhuttan
Bhuttan
Assam
Assam
Bhuttan
Bhuttan
Bhuttan
Bhuttan
Assam
Bhuttan
Bhuttan
Assam
Bhuttan
Bhuttan
Bhuttan
Bhuttan
Bhuttan
Assam
Assam
Bhuttan
Bhuttan
Bhuttan
Assam
Assam
Assam
Bhuttan
Bhuttan
Bhuttan
Bhuttan
Bhuttan
Assam
Assam
Assam
Bhuttan
Assam
Bhuttan
Assam
Bhuttan
Assam
Assam
Assam
Assam
Bhuttan
Bhuttan
Assam
Assam
Bhuttan
Bhuttan
Bhuttan
Assam
Bhuttan
Assam
Assam
Bhuttan
Assam
Bhuttan
Assam
Bhuttan
Assam
Assam
Assam
Bhuttan
Bhuttan
Bhuttan
Bhuttan
Assam
Assam
Assam
Assam
Assam
Assam
Bhuttan
Assam
Assam
Assam
Bhuttan
Bhuttan
Assam
Bhuttan
Bhuttan
Bhuttan
Bhuttan
Assam
Bhuttan
Assam
Assam
Bhuttan
Assam
Assam
Bhuttan
Bhuttan
Bhuttan
Bhuttan
Bhuttan
Assam
Bhuttan
Bhuttan
Bhuttan
Bhuttan
Bhuttan
Bhuttan
Assam
Assam
Assam
Bhuttan
Bhuttan
Assam
Bhuttan
Bhuttan
Assam
Assam
Assam
Assam
Assam
Bhuttan
Bhuttan
Bhuttan
Bhuttan
Bhuttan
Bhuttan
Assam
Bhuttan
Assam
Assam
Assam
Assam
Assam
Assam
Assam
Bhuttan
Bhuttan
Assam
Assam
Assam
Bhuttan
Assam
Bhuttan
Assam
Bhuttan
Assam
Bhuttan
Assam
Assam
Bhuttan
Assam
Assam
Assam
Bhuttan
Bhuttan
Bhuttan
Bhuttan
Bhuttan
Assam
Assam
Assam
Bhuttan
Bhuttan
Bhuttan
Assam
Assam
Assam
Assam
Bhuttan
Bhuttan
Assam
Bhuttan
Assam
Assam
Bhuttan
Bhuttan
Bhuttan
Bhuttan
Bhuttan
Bhuttan
Bhuttan
Assam
Bhuttan
Bhuttan
Assam
Assam
Assam
Bhuttan
Assam
Bhuttan
Bhuttan
Bhuttan
Bhuttan
Bhuttan
Assam
Bhuttan
Assam
Bhuttan
Assam
Assam
Assam
Assam
Bhuttan
Assam
Bhuttan
Assam
Bhuttan
Assam
Assam
Bhuttan
Bhuttan
Bhuttan
Assam
Assam
Assam
Assam
Assam
Bhuttan
Assam
Bhuttan
Bhuttan
Assam
Assam
Assam
Bhuttan
Bhuttan
Bhuttan
Assam
Bhuttan
Assam
Assam
Bhuttan
Assam
Assam
Assam
Bhuttan
Bhuttan
Bhuttan
Assam
Bhuttan
Bhuttan
Assam
Bhuttan
Assam
Assam
Bhuttan
Bhuttan
Bhuttan
Assam
Bhuttan
Assam
Bhuttan
Bhuttan
Bhuttan
Bhuttan
Assam
Assam
Bhuttan
Assam
Bhuttan
Assam
Assam
Assam
Assam
Bhuttan
Bhuttan
Assam
Bhuttan
Assam
Bhuttan
Bhuttan
Bhuttan
Bhuttan
Assam
Bhuttan
Assam
Bhuttan
Bhuttan
Bhuttan
Bhuttan
Bhuttan
Bhuttan
Assam
Assam
Assam
Assam
Bhuttan
Bhuttan
Assam
Assam
Bhuttan
Bhuttan
Bhuttan
Assam
Assam
Bhuttan
Assam
Bhuttan
Bhuttan
Assam
Assam
Bhuttan
Bhuttan
Assam
Assam
Bhuttan
Bhuttan
Bhuttan
Bhuttan
Assam
Bhuttan
Assam
Assam
Bhuttan
Bhuttan
Bhuttan
Bhuttan
Assam
Bhuttan
Assam
Assam
Bhuttan
Assam
Assam
Bhuttan
Assam
Bhuttan
Assam
Assam
Bhuttan
Bhuttan
Bhuttan
Bhuttan
Bhuttan
Assam
Bhuttan
Assam
Assam
Assam
Assam
Assam
Assam
Assam
Assam
Assam
Bhuttan
Bhuttan
Bhuttan
Assam
Assam
Bhuttan
Assam
Assam
Assam
Bhuttan
Bhuttan
Bhuttan
Bhuttan
Bhuttan
Bhuttan
Bhuttan
Assam
Assam
Bhuttan
Bhuttan
Bhuttan
Bhuttan
Bhuttan
Assam
Assam
Assam
Bhuttan
Bhuttan
Assam
Assam
Bhuttan
Assam
Bhuttan
Bhuttan
Assam
Assam
Bhuttan
Bhuttan
Bhuttan
Assam
Assam
Assam
Bhuttan
Assam
Assam
Bhuttan
Assam
Assam
Bhuttan
Bhuttan
Bhuttan
Bhuttan
Bhuttan
Bhuttan
Assam
Bhuttan
Bhuttan
Bhuttan
Bhuttan
Bhuttan
Assam
Bhuttan
Bhuttan
Bhuttan
Assam
Bhuttan
Assam
Bhuttan
Bhuttan
Assam
Bhuttan
Bhuttan
Bhuttan
Bhuttan
Bhuttan
Bhuttan
Bhuttan
Bhuttan
Bhuttan
Assam
Bhuttan
Assam
Bhuttan
Bhuttan
Assam
Bhuttan
Bhuttan
Bhuttan
Bhuttan
Assam
Bhuttan
Bhuttan
Bhuttan
Assam
Assam
Bhuttan
Assam
Assam
Bhuttan
Bhuttan
Assam
Assam
Assam
Bhuttan
Bhuttan
Assam
Assam
Assam
Bhuttan
Assam
Assam
Bhuttan
Bhuttan
Assam
Assam
Bhuttan
Bhuttan
Bhuttan
Bhuttan
Assam
Bhuttan
Bhuttan
Assam
Assam
Bhuttan
Assam
Bhuttan
Bhuttan
Assam
Bhuttan
Assam
Bhuttan
Assam
Assam
Assam
Bhuttan
Bhuttan
Assam
Assam
Bhuttan
Assam
Bhuttan
Assam
Assam
Assam
Bhuttan
Bhuttan
Assam
Assam
Bhuttan
Assam
Bhuttan
Bhuttan
Bhuttan
Assam
Bhuttan
Assam
Bhuttan
Assam
Bhuttan
Assam
Assam
Bhuttan
Bhuttan
Bhuttan
Bhuttan
Assam
Assam
Bhuttan
Assam
Assam
Bhuttan
Assam
Bhuttan
Bhuttan
Assam
Assam
Bhuttan
Bhuttan
Bhuttan
Bhuttan
Assam
Assam
Bhuttan
Bhuttan
Assam
Assam
Assam
Assam
Bhuttan
Assam
Bhuttan
Assam
Assam
Assam
Bhuttan
Assam
Assam
Assam
Assam
Assam
Assam
Bhuttan
Assam
Bhuttan
Bhuttan
Bhuttan
Assam
Bhuttan
Bhuttan
Bhuttan
Assam
Bhuttan
Bhuttan
Assam
Assam
Bhuttan
Assam
Assam
Bhuttan
Bhuttan
Bhuttan
Assam
Bhuttan
Assam
Assam
Bhuttan
Assam
Assam
Assam
Bhuttan
Assam
Assam
Assam
Bhuttan
Assam
Assam
Bhuttan
Bhuttan
Assam
Bhuttan
Bhuttan
Bhuttan
Bhuttan
Bhuttan
Bhuttan
Assam
Bhuttan
Bhuttan
Assam
Bhuttan
Assam
Assam
Bhuttan
Assam
Bhuttan
Bhuttan
Assam
Assam
Assam
Bhuttan
Assam
Assam
Assam
Assam
Bhuttan
Bhuttan
Assam
Assam
Bhuttan
Assam
Bhuttan
Bhuttan
Bhuttan
Assam
Bhuttan
Assam
Bhuttan
Assam
Bhuttan
Bhuttan
Bhuttan
Assam
Bhuttan
Assam
Assam
Bhuttan
Assam
Bhuttan
Bhuttan
Assam
Bhuttan
Assam
Bhuttan
Assam
Assam
Bhuttan
Assam
Bhuttan
Assam
Bhuttan
Bhuttan
Bhuttan
Assam
Bhuttan
Bhuttan
Assam
Assam
Bhuttan
Assam
Bhuttan
Bhuttan
Bhuttan
Assam
Bhuttan
Bhuttan
Assam
Bhuttan
Assam
Assam
Bhuttan
Bhuttan
Assam
Bhuttan
Assam
Bhuttan
Bhuttan
Assam
Assam
Bhuttan
Bhuttan
Bhuttan
Bhuttan
Bhuttan
Bhuttan
Assam
Bhuttan
Assam
Assam
Bhuttan
Assam
Bhuttan
Assam
Assam
Assam
Bhuttan
Assam
Bhuttan
Bhuttan
Bhuttan
Assam
Assam
Bhuttan
Bhuttan
Assam
Assam
Assam
Bhuttan
Bhuttan
Assam
Assam
Bhuttan
Bhuttan
Bhuttan
Bhuttan
Bhuttan
Bhuttan
Assam
Bhuttan
Bhuttan
Bhuttan
Bhuttan
Assam
Bhuttan
Assam
Bhuttan
Assam
Bhuttan
Assam
Assam
Bhuttan
Assam
Bhuttan
Bhuttan
Bhuttan
Bhuttan
Assam
Bhuttan
Bhuttan
Assam
Bhuttan
Assam
Bhuttan
Assam
Assam
Assam
Assam
Bhuttan
Assam
Bhuttan
Assam
Bhuttan
Assam
Bhuttan
Bhuttan
Bhuttan
Bhuttan
Bhuttan
Bhuttan
Bhuttan
Assam
Assam
Bhuttan
Assam
Assam
Assam
Assam
Bhuttan
Bhuttan
Bhuttan
Bhuttan
Assam
Bhuttan
Assam
Assam
Assam
Assam
Assam
Bhuttan
Bhuttan
Bhuttan
Bhuttan
Bhuttan
Bhuttan
Bhuttan
Assam
Assam
Assam
Assam
Bhuttan
Bhuttan
Bhuttan
Bhuttan
Bhuttan
Assam
Bhuttan
Assam
Assam
Assam
Assam
Assam
Assam
Bhuttan
Assam
Bhuttan
Bhuttan
Assam
Bhuttan
Assam
Bhuttan
Bhuttan
Bhuttan
Assam
Assam
Assam
Assam
Bhuttan
Assam
Bhuttan
Assam
Assam
Bhuttan
Bhuttan
Bhuttan
Bhuttan
Bhuttan
Bhuttan
Assam
Assam
Bhuttan
Assam
Bhuttan
Bhuttan
Bhuttan
Assam
Assam
Bhuttan
Assam
Assam
Assam
Bhuttan
Bhuttan
Bhuttan
Assam
Assam
Bhuttan
Assam
Bhuttan
Bhuttan